OS	DATA_INSTALACAO
4-210432948964	01/07/2025
05331733	01/07/2025
05337414	03/07/2025
05340955	01/07/2025
05260079	05/07/2025
05336035	12/07/2025
05333989	03/07/2025
05335697	01/07/2025
05287098	08/07/2025
05335438	01/07/2025
05335930	01/07/2025
05322367	05/07/2025
05341767	01/07/2025
05341652	01/07/2025
05333106	01/07/2025
05332830	02/07/2025
05338575	01/07/2025
05338661	02/07/2025
05332641	01/07/2025
05336964	01/07/2025
05342248	01/07/2025
05340228	01/07/2025
05339339	01/07/2025
05241877	05/07/2025
05340130	01/07/2025
05338827	01/07/2025
05336166	01/07/2025
05336250	01/07/2025
05331597	02/07/2025
05332923	01/07/2025
05339390	01/07/2025
05334391	02/07/2025
05338257	01/07/2025
05272204	01/07/2025
05271031	03/07/2025
05324456	01/07/2025
05335610	03/07/2025
05331622	01/07/2025
05193901	02/07/2025
05275844	02/07/2025
05323420	01/07/2025
